eval,t_s,score,uniformity_pct,coverage,e_avg,n_active,n_drivers,total_current_a,group0.drot_x,group0.drot_y,group0.drot_z,group0.on[0],group0.on[1],group0.on[2],group0.on[3],group0.on[4],group0.on[5],group0.on[6],group0.on[7],group0.on[8]
1,1.28,1.207840,79.216,1.0000,382.65,8,2,1.244,0,0,0,1,0,1,0,0,0,1,0,1
2,2.55,1.207220,79.278,1.0000,382.40,8,2,1.244,0,0,0,1,0,1,0,0,0,1,0,1
3,3.74,2.758911,4.649,0.1946,89.19,10,3,1.556,-6.3377,8.6298,24.778,0,0,0,1,0,1,1,1,1
4,4.99,1.568944,43.106,1.0000,880.37,8,2,1.244,19.692,2.6339,-22.524,0,0,0,1,1,1,1,0,0
5,6.18,1.762832,29.958,0.9376,291.55,6,2,0.933,25.029,2.166,26.334,1,1,0,0,1,0,0,0,0
6,7.37,1.695657,39.130,0.9130,161.76,6,2,0.933,8.5708,7.7991,25.517,0,1,1,0,0,0,0,0,1
7,8.51,1.483042,51.696,1.0000,427.75,12,3,1.867,-15.464,11.843,13.743,1,1,0,1,1,0,1,0,1
8,9.71,1.668907,41.454,0.9165,149.03,6,2,0.933,-27.48,29.842,19.064,1,0,0,1,0,0,0,0,1
9,10.94,1.954163,10.965,0.9362,959.40,8,2,1.244,-24.789,-17.641,-19.118,0,0,1,0,0,1,0,1,1
10,12.08,1.882897,23.456,0.8825,232.65,12,3,1.867,-12.263,-7.1542,29.231,1,1,1,0,0,0,1,1,1
11,13.24,1.753089,25.883,0.9881,389.38,10,3,1.556,20.409,17.722,18.877,1,0,0,1,0,0,1,1,1
12,14.42,1.839428,32.011,0.8405,189.36,6,2,0.933,-1.2364,5.456,14.371,1,0,0,0,0,1,0,0,1
13,15.63,1.390164,60.984,1.0000,626.45,6,2,0.933,26.893,7.8269,-14.994,0,1,0,0,0,0,1,0,1
14,16.84,1.348437,65.156,1.0000,922.46,8,2,1.244,-12.503,1.3518,-17.263,0,1,0,1,0,1,1,0,0
15,18.03,1.683274,32.514,0.9916,521.11,6,2,0.933,-23.918,0.37612,-8.9266,1,0,0,1,0,0,0,1,0
16,19.24,1.729129,31.645,0.9544,248.64,6,2,0.933,-29.579,6.9856,20.636,1,1,0,0,1,0,0,0,0
17,20.47,1.522366,47.763,1.0000,1415.99,10,3,1.556,-11.739,-16.859,-20.679,1,0,1,1,1,1,0,0,0
18,21.66,1.509632,49.037,1.0000,923.39,12,3,1.867,23.006,-21.278,-19.139,0,0,1,1,1,1,1,1,0
19,22.89,1.414043,58.596,1.0000,501.14,6,2,0.933,-28.35,26.823,-15.805,1,0,0,0,0,0,1,1,0
20,24.06,1.545813,45.419,1.0000,304.50,8,2,1.244,-2.0474,21.217,11.38,1,0,1,0,1,0,0,0,1
21,25.27,1.612910,38.709,1.0000,624.20,4,1,0.622,-3.4993,-3.4035,-23.098,0,0,0,1,1,0,0,0,0
22,26.47,2.246604,12.507,0.6283,243.74,4,1,0.622,-27.744,8.1593,-28.183,0,0,0,0,0,1,0,1,0
23,27.59,1.834817,31.385,0.8513,183.48,6,2,0.933,-8.4814,20.326,20.772,0,1,0,1,0,0,0,1,0
24,28.78,1.931016,23.623,0.8327,367.13,6,2,0.933,22.015,29.128,-3.8063,0,0,0,0,0,1,1,1,0
25,29.96,1.692347,30.765,1.0000,894.66,10,3,1.556,19.964,-27.948,-29.857,0,1,1,1,0,0,1,1,0
26,31.19,1.697236,38.411,0.9187,308.14,6,2,0.933,4.9271,-14.496,-9.99,0,0,0,0,0,1,1,1,0
27,32.46,1.387534,61.247,1.0000,277.68,6,2,0.933,20.307,-24.072,-2.5199,0,0,1,1,0,0,1,0,0
28,33.65,1.608935,39.107,1.0000,860.33,10,3,1.556,-21.588,11.852,-21.257,0,1,0,0,1,1,1,0,1
29,34.87,1.401399,59.860,1.0000,1480.56,12,3,1.867,28.949,26.021,-4.207,1,1,0,0,1,1,1,1,0
30,36.04,1.715252,30.719,0.9776,296.94,8,2,1.244,23.305,-9.6646,18.014,0,1,1,0,1,1,0,0,0
31,37.22,1.744708,36.399,0.8913,250.85,4,1,0.622,5.9265,10.908,17.144,1,0,0,0,1,0,0,0,0
32,38.39,1.997774,23.154,0.7707,258.15,6,2,0.933,-18.83,29.448,-8.8075,0,1,0,0,0,1,0,0,1
33,39.58,1.447451,55.255,1.0000,406.09,6,2,0.933,-3.9208,-25.093,9.5884,0,1,0,0,1,1,0,0,0
34,40.78,1.325873,67.413,1.0000,563.40,6,2,0.933,-6.3577,-16.554,-2.1477,0,1,0,1,0,1,0,0,0
35,42.02,1.613709,38.629,1.0000,1242.54,8,2,1.244,17.787,16.049,-23.217,0,1,0,1,0,0,1,1,0
36,43.28,1.530316,46.968,1.0000,1204.89,8,2,1.244,-20.986,-29.191,-20.33,0,1,0,0,0,1,1,1,0
37,44.47,1.620620,44.565,0.9337,183.47,8,2,1.244,-24.459,12.732,17.66,1,0,1,1,0,0,0,0,1
38,45.69,1.277774,72.223,1.0000,666.72,10,3,1.556,4.8361,-5.5894,2.1263,1,1,1,0,0,0,1,0,1
39,46.88,1.952995,22.442,0.8226,145.94,12,3,1.867,-14.997,9.418,24.778,1,0,1,1,0,1,1,0,1
40,48.14,1.462254,53.775,1.0000,621.38,6,2,0.933,19.692,10.128,-22.524,0,0,1,0,0,1,1,0,0
41,49.32,1.771902,29.051,0.9376,253.22,10,3,1.556,0.23727,2.166,26.334,1,1,1,0,1,0,0,0,1
42,50.53,1.489619,51.038,1.0000,1004.31,12,3,1.867,-25.138,5.3449,-14.341,1,1,1,0,0,1,1,0,1
43,51.73,1.253266,74.673,1.0000,1154.24,14,4,2.178,-5.242,11.843,-4.0221,1,1,1,1,1,0,1,0,1
44,52.95,2.532939,8.382,0.3832,261.35,6,2,0.933,-27.48,-2.5314,-3.1059,0,0,0,0,0,1,0,1,1
45,54.11,2.064394,22.523,0.7104,386.87,6,2,0.933,-14.002,2.9843,-14.471,0,0,1,0,0,0,0,1,1
46,55.33,1.553625,44.638,1.0000,870.88,10,3,1.556,-12.263,-10.575,-15.247,1,0,1,0,0,1,1,0,1
47,56.49,1.478651,56.518,0.9562,181.87,10,3,1.556,2.4277,-24.178,18.877,1,0,1,1,0,0,0,1,1
48,57.69,1.459791,54.021,1.0000,640.00,10,3,1.556,25.628,-14.172,-2.5538,1,1,1,0,0,0,1,0,1
49,58.87,1.451929,54.807,1.0000,524.87,10,3,1.556,-15.745,3.7186,10.985,1,1,1,0,1,0,0,0,1
50,60.11,1.563554,43.645,1.0000,469.59,4,1,0.622,1.0899,-11.294,-17.263,0,0,1,1,0,0,0,0,0
51,61.28,2.223042,17.738,0.5996,212.66,8,2,1.244,-12.259,-2.239,10.218,0,0,1,0,0,0,1,1,1
52,62.45,1.463559,53.644,1.0000,279.63,8,2,1.244,-13.024,-17.037,18.031,1,1,0,0,0,1,1,0,0
53,63.65,1.581006,41.899,1.0000,923.67,10,3,1.556,-20.834,28.49,-20.679,1,0,1,1,1,0,0,1,0
54,64.88,1.327089,67.291,1.0000,665.89,6,2,0.933,1.5285,-21.278,-19.139,1,0,1,0,0,0,0,1,0
55,66.08,1.597309,40.269,1.0000,707.67,10,3,1.556,-22.201,-8.3431,-15.805,0,0,1,1,0,0,1,1,1
56,67.23,1.497367,50.894,0.9937,250.77,8,2,1.244,-2.0474,-12.73,11.38,1,0,1,0,0,0,1,0,1
57,68.44,1.428514,57.149,1.0000,971.73,10,3,1.556,7.9833,-5.0134,-13.19,1,0,1,1,1,0,0,1,0
58,69.64,1.649347,35.065,1.0000,878.99,8,2,1.244,12.305,8.1593,-28.183,1,0,0,0,0,0,1,1,1
59,70.83,2.091358,11.937,0.7893,224.10,6,2,0.933,28.271,-23.43,-11.508,0,0,0,1,1,0,0,0,1
60,72.00,1.545265,45.473,1.0000,565.23,12,3,1.867,-18.934,29.128,-3.8063,1,1,1,0,0,1,1,1,0
61,73.22,1.428998,57.100,1.0000,525.30,8,2,1.244,-8.9337,-27.948,-10.746,1,0,1,1,0,0,1,0,0
62,74.40,2.711484,8.831,0.2002,93.58,6,2,0.933,4.9271,-17.214,25.051,0,0,0,0,0,1,1,1,0
63,75.57,1.692476,36.503,0.9425,256.11,10,3,1.556,-5.8429,-2.2927,3.5402,0,0,1,1,0,0,1,1,1
64,76.80,1.742154,28.169,0.9762,301.60,8,2,1.244,-27.336,2.611,17.383,0,1,1,0,1,0,1,0,0
65,77.93,1.424269,57.573,1.0000,519.59,10,3,1.556,28.949,-6.7269,-9.679,1,0,1,1,0,0,1,0,1
66,79.10,1.391148,60.885,1.0000,576.91,6,2,0.933,6.2326,8.06,-4.9685,0,1,1,0,0,0,1,0,0
67,80.26,1.395854,60.415,1.0000,372.59,6,2,0.933,-3.4955,21.305,3.4281,1,0,1,0,0,0,1,0,0
68,81.43,1.328205,67.179,1.0000,297.71,10,3,1.556,-18.83,29.243,5.044,1,0,0,0,1,1,1,0,1
69,82.62,1.604730,39.527,1.0000,448.13,12,3,1.867,12.301,-7.9744,6.2723,1,0,1,0,1,1,1,0,1
70,83.81,1.558456,44.926,0.9923,230.72,8,2,1.244,-0.99216,-3.0134,22,1,1,0,0,0,1,1,0,0
71,84.97,2.646794,3.834,0.3149,112.74,4,1,0.622,17.787,25.276,20.325,0,0,0,0,0,0,1,0,1
72,86.16,1.447819,56.866,0.9835,230.90,6,2,0.933,-13.341,11.276,5.3299,1,0,0,0,0,0,0,1,1
73,87.39,1.326976,67.302,1.0000,780.18,10,3,1.556,-24.459,10.943,-14.04,1,0,1,1,0,0,1,0,1
74,88.65,1.556875,44.313,1.0000,435.39,8,2,1.244,13.536,10.702,0.45375,1,0,1,0,0,0,1,0,1
75,89.82,1.820040,30.373,0.8762,159.55,10,3,1.556,-4.6721,9.418,24.778,0,1,1,0,0,1,1,0,1
76,91.04,1.530277,46.972,1.0000,798.95,8,2,1.244,-19.009,3.2115,-22.524,0,1,1,0,0,0,1,0,1
77,92.25,1.548138,45.186,1.0000,566.03,6,2,0.933,25.029,7.3667,1.0677,1,0,1,0,1,0,0,0,0
78,93.44,1.535349,46.465,1.0000,1055.42,12,3,1.867,-29.489,2.1309,-9.002,1,1,1,0,1,0,1,0,1
79,94.62,1.725211,27.479,1.0000,354.12,10,3,1.556,-23.975,2.0553,12.111,0,1,1,1,0,0,1,0,1
80,95.86,2.174333,14.720,0.6785,368.86,6,2,0.933,-0.51868,-10.736,-6.0729,1,0,0,1,0,0,0,1,0
81,97.09,1.751750,24.825,1.0000,954.82,8,2,1.244,-15.673,-17.641,-16.199,1,0,1,0,0,1,0,0,1
82,98.25,1.620050,42.799,0.9520,264.38,4,1,0.622,-9.74,-10.575,-10.27,1,0,0,0,0,0,0,0,1
83,99.45,1.504019,49.598,1.0000,315.32,14,4,2.178,5.6401,-13.697,18.877,1,1,1,1,0,0,1,1,1
84,100.64,1.357218,64.278,1.0000,432.85,10,3,1.556,9.8983,-14.172,-2.9043,1,0,1,0,0,0,1,1,1
85,101.86,1.746308,25.369,1.0000,536.84,8,2,1.244,26.893,0.35685,8.354,1,1,0,0,1,0,1,0,0
86,103.02,2.503815,7.858,0.4176,133.24,6,2,0.933,-12.503,12.471,7.3618,0,0,1,0,0,0,1,0,1
87,104.19,1.376257,62.374,1.0000,504.89,8,2,1.244,-23.918,0.37612,-8.9266,1,0,1,0,0,0,1,0,1
88,105.39,1.765907,24.181,0.9923,432.77,8,2,1.244,-12.656,-21.515,10.39,0,0,1,0,0,1,1,0,1
89,106.62,1.647290,35.271,1.0000,434.40,8,2,1.244,-11.739,-16.859,8.4273,1,0,1,0,1,0,0,0,1
90,107.85,1.269376,73.062,1.0000,440.23,6,2,0.933,1.5285,17.574,-3.0142,1,0,1,0,0,0,0,1,0
91,109.00,1.286076,71.392,1.0000,327.40,8,2,1.244,-28.35,-21.472,14.079,1,1,0,0,0,0,1,0,1
92,110.16,1.477094,52.291,1.0000,408.13,8,2,1.244,-23.475,-3.8583,-1.3518,1,0,1,0,0,0,1,0,1
93,111.36,1.282440,71.756,1.0000,576.37,10,3,1.556,7.9833,-20.564,-9.0511,1,0,1,1,0,0,0,1,1
94,112.58,1.472218,52.778,1.0000,314.03,6,2,0.933,-23.02,8.1593,-3.3874,1,0,0,0,0,0,1,0,1
95,113.74,1.541584,46.403,0.9944,275.77,6,2,0.933,12.492,6.1746,10.409,1,0,1,0,0,0,0,1,0
96,114.92,1.402376,59.762,1.0000,657.59,8,2,1.244,-18.934,4.4001,1.0101,1,1,1,0,0,0,1,0,0
97,116.13,1.441359,55.864,1.0000,792.09,10,3,1.556,-8.9337,2.24,-10.746,1,0,1,1,0,0,1,1,0
98,117.34,1.322417,67.758,1.0000,611.08,12,3,1.867,-12.667,11.161,-9.99,1,0,1,0,0,1,1,1,1
99,118.53,1.466759,54.656,0.9867,259.88,6,2,0.933,13.988,2.2991,0.8055,0,0,1,1,0,0,1,0,0
100,119.72,1.492714,50.729,1.0000,612.24,10,3,1.556,-21.588,-3.0427,5.4683,1,1,1,0,0,0,1,1,0
101,120.92,2.746376,3.483,0.2188,144.15,6,2,0.933,-19.813,-14.528,7.6549,0,0,0,0,0,0,1,1,1
102,122.13,1.917330,21.310,0.8696,225.07,6,2,0.933,6.2326,8.06,-4.989,0,0,1,0,0,0,1,0,1
103,123.31,1.300273,69.973,1.0000,799.23,12,3,1.867,1.1347,-3.5284,0.41304,1,1,1,0,0,1,1,0,1
104,124.53,1.311519,68.848,1.0000,354.07,12,3,1.867,8.6141,-27.933,5.044,1,0,1,0,1,0,1,1,1
105,125.73,1.457374,54.403,0.9986,259.34,2,1,0.311,8.4365,-25.093,-10.498,0,0,0,0,0,1,0,0,0
106,126.93,1.444051,55.595,1.0000,647.98,8,2,1.244,4.649,-16.554,-8.8469,0,0,1,0,1,0,1,0,1
107,128.19,1.718757,28.124,1.0000,1093.03,8,2,1.244,9.339,16.049,-23.217,1,0,0,1,0,1,1,0,0
108,129.39,1.772594,26.282,0.9646,380.84,10,3,1.556,-2.1998,11.276,-4.0068,0,0,1,0,1,0,1,1,1
109,130.60,1.530490,46.951,1.0000,589.00,12,3,1.867,9.0162,12.834,2.3668,1,0,1,1,0,1,1,0,1
110,131.79,1.317459,68.254,1.0000,840.96,14,4,2.178,-2.2865,-6.4124,3.841,1,1,1,0,1,1,1,0,1
111,132.97,1.459660,54.034,1.0000,637.14,10,3,1.556,9.312,12.94,-7.4424,1,0,1,0,0,0,1,1,1
112,134.12,2.338445,13.456,0.5270,142.77,4,1,0.622,3.1807,-8.1208,5.7934,0,0,0,0,0,1,1,0,0
113,135.33,1.343190,65.681,1.0000,502.77,6,2,0.933,25.029,-28.751,-16.069,1,0,1,0,0,0,0,0,1
114,136.53,1.471583,52.842,1.0000,1320.54,12,3,1.867,-25.138,-24.067,-14.341,1,0,1,0,1,0,1,1,1
115,137.72,1.455883,54.412,1.0000,580.87,12,3,1.867,-26.517,2.3306,-4.1337,1,0,1,1,0,1,0,1,1
116,138.94,1.641167,35.883,1.0000,410.86,12,3,1.867,-27.48,0.78846,8.0029,1,0,1,1,1,0,1,0,1
117,140.19,1.411611,58.839,1.0000,1008.50,10,3,1.556,17.63,11.35,-16.199,1,0,1,1,0,1,0,0,1
118,141.43,1.481824,52.905,0.9891,322.93,6,2,0.933,-12.263,-18.5,-15.247,1,0,0,0,0,0,1,0,1
119,142.64,1.324240,67.576,1.0000,687.65,10,3,1.556,2.4277,9.8041,-6.1961,1,0,1,1,0,1,0,0,1
120,143.81,1.248257,75.174,1.0000,840.06,14,4,2.178,9.8983,-18.66,-10.54,1,0,1,1,0,1,1,1,1
121,144.98,1.779182,24.326,0.9776,428.97,8,2,1.244,26.893,-20.277,-14.994,0,1,0,1,0,0,1,0,1
122,146.17,1.521482,47.852,1.0000,962.30,8,2,1.244,-6.7969,-29.904,-17.263,1,1,1,0,0,0,1,0,0
123,147.36,1.501814,49.819,1.0000,888.54,6,2,0.933,-23.918,-25.675,-11.404,1,0,1,0,1,0,0,0,0
124,148.52,1.788613,33.376,0.8776,199.34,4,1,0.622,-15.019,-17.037,20.873,0,0,1,0,0,0,1,0,0
125,149.73,1.334027,66.597,1.0000,812.43,10,3,1.556,10.301,-8.2633,-2.777,0,1,1,1,0,1,0,0,1
126,150.94,1.744272,37.740,0.8783,335.21,4,1,0.622,-8.3384,-2.6854,-7.5105,1,0,0,0,0,0,0,1,0
127,152.18,1.466080,53.392,1.0000,1022.60,10,3,1.556,-29.08,3.3316,-16.702,1,1,0,0,0,1,1,1,0
128,153.41,1.462102,53.790,1.0000,265.67,6,2,0.933,-18.133,25.095,6.1535,1,0,0,0,1,0,0,0,1
129,154.64,1.298690,70.131,1.0000,579.73,12,3,1.867,-8.1164,-16.522,-3.669,1,0,1,1,0,0,1,1,1
130,155.86,1.640323,36.949,0.9902,338.16,12,3,1.867,-8.7479,8.1593,12.542,1,0,1,1,1,0,1,0,1
131,157.03,1.429280,57.282,0.9979,224.00,8,2,1.244,7.5582,-22.261,10.409,1,0,1,0,0,0,1,1,0
132,158.21,1.634830,36.517,1.0000,489.53,8,2,1.244,22.051,4.4001,1.0101,1,0,1,1,0,0,1,0,0
133,159.44,1.858461,18.081,0.9607,648.71,8,2,1.244,10.145,11.738,-7.1521,1,0,0,1,0,0,1,0,1
134,160.62,1.538652,46.836,0.9930,347.40,8,2,1.244,-12.667,28.958,-22.924,0,0,1,0,0,1,1,1,0
135,161.83,1.377126,62.287,1.0000,878.58,10,3,1.556,-21.694,0.29915,-5.6341,1,1,0,0,1,0,1,0,1
136,163.05,1.454894,54.511,1.0000,311.47,8,2,1.244,-17.801,-3.0427,5.4683,1,0,1,0,0,0,1,0,1
137,164.25,1.316951,68.305,1.0000,1007.51,16,4,2.489,10.145,-0.70012,-7.1521,1,0,1,1,1,1,1,1,1
138,165.43,2.278739,10.871,0.6126,173.98,8,2,1.244,2.0496,-6.0641,19.814,0,0,1,0,0,1,1,0,1
139,166.65,1.427728,57.227,1.0000,454.49,10,3,1.556,-1.6058,14.08,-0.92582,0,1,1,0,0,1,1,0,1
140,167.83,1.334982,66.502,1.0000,420.76,10,3,1.556,-7.1877,5.6801,5.044,1,0,1,0,1,0,1,0,1
141,169.01,1.434455,56.554,1.0000,250.35,6,2,0.933,-1.6617,6.4857,9.5884,0,1,0,0,0,0,1,0,1
142,170.22,1.434988,56.501,1.0000,844.85,12,3,1.867,2.7486,9.5533,-10.858,0,1,1,0,0,1,1,1,1
143,171.42,1.454084,54.592,1.0000,934.74,12,3,1.867,17.787,-21.621,-23.217,1,0,1,1,1,0,1,0,1
144,172.61,1.626518,40.083,0.9727,315.51,8,2,1.244,-13.341,11.276,7.5802,1,0,0,1,0,0,1,0,1
145,173.83,1.361872,63.813,1.0000,873.16,8,2,1.244,-12.23,-5.5251,-14.04,1,0,1,0,1,0,1,0,0
146,174.99,1.766987,33.575,0.8973,295.90,6,2,0.933,-2.0243,-10.33,9.7309,0,0,1,0,1,0,0,0,1
147,176.23,1.508285,49.171,1.0000,589.62,12,3,1.867,-0.64213,12.94,4.4843,1,0,1,1,1,0,1,0,1
148,177.42,1.638785,44.607,0.9151,165.49,8,2,1.244,-15.503,2.603,19.986,1,0,1,0,0,0,0,1,1
149,178.58,1.882822,24.691,0.8703,223.86,12,3,1.867,25.029,-21.623,21.456,1,1,1,0,0,1,1,0,1
150,179.77,1.378489,62.151,1.0000,631.22,8,2,1.244,-25.138,-24.067,-6.2304,1,0,1,0,0,0,1,1,0
151,180.99,1.472295,52.771,1.0000,305.54,8,2,1.244,0.26278,-2.529,11.811,0,1,0,0,1,0,1,0,1
152,182.18,1.639318,36.068,1.0000,587.49,10,3,1.556,-27.48,-24.504,8.0029,0,0,1,0,1,0,1,1,1
153,183.34,1.627588,38.363,0.9888,446.07,6,2,0.933,-14.892,1.4527,-14.123,1,0,0,0,0,0,1,0,1
154,184.55,1.642797,35.720,1.0000,993.38,10,3,1.556,-14.237,-18.5,-15.247,1,0,1,0,0,1,1,0,1
155,185.72,1.345900,65.410,1.0000,572.66,10,3,1.556,-16.22,-1.313,-1.8801,1,0,1,1,0,1,1,0,0
156,186.92,1.539564,46.044,1.0000,419.67,16,4,2.489,-22.475,24.193,9.7614,1,1,1,1,1,1,1,1,0
157,188.12,1.613623,38.638,1.0000,396.51,8,2,1.244,26.893,-12.749,-1.9335,0,0,1,0,0,1,1,0,1
158,189.30,1.466891,53.311,1.0000,618.29,12,3,1.867,-2.8875,6.465,1.6115,1,0,1,1,1,0,1,0,1
159,190.46,1.334940,66.506,1.0000,389.41,8,2,1.244,5.6955,-7.7521,-0.70549,1,0,1,0,0,0,1,0,1
160,191.64,1.328857,67.114,1.0000,597.10,6,2,0.933,16.355,-0.11827,3.4743,0,1,1,0,1,0,0,0,0
161,192.86,1.472424,52.758,1.0000,622.22,6,2,0.933,4.9124,16.067,-14.548,1,0,0,0,0,1,1,0,0
162,194.09,1.442897,55.710,1.0000,641.51,8,2,1.244,25.857,3.9899,-3.1803,0,1,1,0,0,0,1,1,0
163,195.30,1.352308,64.769,1.0000,499.49,6,2,0.933,9.2039,25.998,14.079,1,1,0,0,0,0,1,0,0
164,196.53,1.406091,59.391,1.0000,473.74,8,2,1.244,-18.133,20.633,-3.3143,1,0,1,0,1,0,1,0,0
165,197.69,1.715275,28.473,1.0000,449.14,8,2,1.244,9.2683,-20.564,-9.0511,1,1,0,1,0,0,0,1,0
166,198.88,1.456645,54.336,1.0000,745.81,6,2,0.933,-3.5362,6.9055,-6.3794,1,1,0,0,0,0,1,0,0
167,200.09,1.819330,30.339,0.8773,326.14,10,3,1.556,-7.6602,2.0757,11.13,1,0,0,1,1,1,1,0,0
168,201.28,1.456446,54.355,1.0000,828.26,8,2,1.244,-18.934,2.6878,-23.699,1,0,1,0,0,1,1,0,0
169,202.44,1.619566,38.043,1.0000,321.75,16,4,2.489,15.408,-27.948,14.975,1,1,1,1,0,1,1,1,1
170,203.64,1.464835,57.654,0.9586,188.15,8,2,1.244,-12.667,7.3242,16.673,1,0,1,0,0,1,1,0,0
171,204.83,1.324967,67.503,1.0000,891.96,10,3,1.556,-4.5788,-21.008,-5.3435,1,1,1,0,0,0,1,0,1
172,206.04,1.710388,28.961,1.0000,498.21,8,2,1.244,-20.869,-3.0427,2.8323,0,1,1,0,0,0,0,1,1
173,207.22,1.476729,52.327,1.0000,527.47,8,2,1.244,2.2293,26.16,-16.267,1,0,1,0,0,1,0,0,1
174,208.44,1.408557,59.144,1.0000,471.38,4,1,0.622,-10.842,-20.888,-6.6798,1,0,1,0,0,0,0,0,0
175,209.64,1.400774,59.923,1.0000,485.39,12,3,1.867,-0.1162,-3.5284,5.1792,1,0,1,0,1,1,1,0,1
176,210.83,1.462198,53.780,1.0000,952.72,14,4,2.178,20.922,15.847,5.044,1,1,1,1,0,1,1,0,1
177,212.03,1.597639,40.236,1.0000,386.71,12,3,1.867,-16.996,24.696,9.5884,1,1,1,0,1,0,1,0,1
178,213.23,1.537115,46.289,1.0000,304.45,6,2,0.933,6.4407,18.749,6.5446,1,0,0,0,0,1,0,0,1
179,214.46,1.603953,39.605,1.0000,428.71,10,3,1.556,-25.065,0.59225,3.928,1,0,1,0,1,0,1,0,1
180,215.67,1.435549,56.445,1.0000,270.36,8,2,1.244,27.286,-18.973,-15.894,1,0,0,1,0,1,1,0,0
181,216.86,1.327044,67.296,1.0000,764.55,12,3,1.867,-24.459,15.464,-14.04,1,0,1,1,0,1,1,0,1
182,218.02,2.053395,11.280,0.8338,261.18,8,2,1.244,0.91563,9.4416,-4.6804,0,0,1,0,0,0,1,1,1
183,219.22,1.543962,48.935,0.9667,296.04,6,2,0.933,-12.314,0.22115,-7.4424,0,0,0,1,0,1,0,1,0
184,220.47,2.477984,7.601,0.4460,136.11,4,1,0.622,12.139,-12.94,-6.191,0,0,0,0,0,0,1,0,1
185,221.65,1.377638,62.236,1.0000,320.89,6,2,0.933,-6.102,12.941,2.9303,1,0,1,0,0,0,0,0,1
186,222.85,1.876258,27.101,0.8527,209.30,6,2,0.933,-25.138,20.044,6.4098,0,1,1,0,0,0,1,0,0
187,224.05,1.277558,72.244,1.0000,567.69,10,3,1.556,11.429,6.7476,2.9177,0,1,1,1,0,0,1,0,1
188,225.21,2.714733,8.260,0.2027,102.08,10,3,1.556,-27.48,-0.45311,23.812,0,0,0,1,1,0,1,1,1
189,226.42,1.312261,68.774,1.0000,588.99,8,2,1.244,6.8546,11.35,-1.7949,1,0,1,0,1,0,0,0,1
190,227.64,1.404969,59.503,1.0000,1177.58,10,3,1.556,-3.2845,-18.5,-26.412,1,1,0,0,0,0,1,1,1
191,228.83,1.457858,54.214,1.0000,425.63,8,2,1.244,10.715,-7.1457,-3.9156,1,0,1,0,0,0,1,1,0
192,230.04,1.270290,72.971,1.0000,438.39,10,3,1.556,-4.8752,-18.66,0.88253,1,0,1,1,0,0,1,0,1
193,231.29,1.993635,19.430,0.8121,284.40,10,3,1.556,26.893,6.2036,1.5463,0,0,0,1,0,1,1,1,1
194,232.46,1.501940,49.806,1.0000,454.77,8,2,1.244,4.0461,12.379,4.0766,0,1,0,1,0,0,1,0,1
195,233.65,1.527214,47.279,1.0000,420.00,6,2,0.933,13.336,6.5774,-0.70549,1,0,1,0,0,0,0,1,0
196,234.82,1.366988,63.301,1.0000,326.17,6,2,0.933,-1.1947,-13.93,3.4743,1,0,1,0,0,0,1,0,0
197,236.03,2.080762,10.402,0.8152,561.87,4,1,0.622,-13.908,-13.017,-21.164,0,0,1,0,0,0,0,0,1
198,237.21,1.887330,21.576,0.8969,448.94,8,2,1.244,1.5285,5.8712,-0.44564,1,0,0,1,0,0,1,0,1
199,238.44,1.499824,50.018,1.0000,319.31,12,3,1.867,-18.241,25.881,9.1213,1,0,1,1,0,0,1,1,1
200,239.67,1.529397,47.060,1.0000,640.97,8,2,1.244,-16.625,20.633,-3.3143,1,1,1,0,0,0,1,0,0
201,240.88,1.502150,49.785,1.0000,843.08,6,2,0.933,-24.931,-23.244,-9.0511,1,0,1,0,1,0,0,0,0
202,242.09,1.753529,30.608,0.9404,352.29,4,1,0.622,-10.36,-14.302,-7.1106,0,0,1,0,0,0,1,0,0
203,243.28,1.279098,72.090,1.0000,621.59,10,3,1.556,18.9,19.799,-3.1803,1,0,1,0,0,1,1,0,1
204,244.47,1.288434,71.157,1.0000,482.73,10,3,1.556,1.0825,12.445,-2.1346,1,0,1,0,0,0,1,1,1
205,245.64,1.584889,41.511,1.0000,661.30,6,2,0.933,-18.284,-21.946,-1.1227,1,0,1,0,0,1,0,0,0
206,246.89,1.346631,65.337,1.0000,500.27,10,3,1.556,-2.1807,-3.4561,1.7519,1,0,1,0,1,0,1,0,1
207,248.07,2.437769,8.783,0.4744,130.15,4,1,0.622,11.475,-21.008,-3.1981,0,0,0,0,0,0,1,0,1
208,249.27,1.334610,66.539,1.0000,567.88,8,2,1.244,1.208,-3.4966,-1.6694,1,0,1,0,1,0,0,0,1
209,250.52,1.340040,65.996,1.0000,973.45,14,4,2.178,13.621,13.94,-7.1521,1,0,1,0,1,1,1,1,1
210,251.70,1.340305,65.969,1.0000,428.29,8,2,1.244,5.1498,24.385,14.4,1,1,1,0,0,0,0,0,1
211,252.90,1.367116,63.288,1.0000,356.37,8,2,1.244,-14.216,3.0072,17.047,1,1,1,0,0,0,0,0,1
212,254.06,1.398931,60.107,1.0000,302.35,6,2,0.933,-1.9803,-27.933,6.4976,1,0,1,0,0,0,1,0,0
213,255.25,1.644810,35.589,0.9993,368.93,6,2,0.933,-1.6617,18.895,9.5884,1,0,0,1,0,0,0,0,1
214,256.47,1.381161,61.884,1.0000,616.93,10,3,1.556,-6.3577,-16.554,-3.7588,1,1,0,1,0,0,0,1,1
215,257.71,1.413513,58.649,1.0000,827.94,10,3,1.556,17.787,20.739,-15.797,0,0,1,0,1,1,1,0,1
216,258.89,1.547439,45.887,0.9937,240.20,12,3,1.867,27.286,-18.973,9.6659,1,0,1,0,0,1,1,1,1
217,260.15,1.363644,63.636,1.0000,498.97,8,2,1.244,6.5944,9.1639,-5.2704,1,0,1,0,0,0,1,0,1
218,261.34,1.306515,69.349,1.0000,335.88,6,2,0.933,-1.6861,4.8808,2.3302,0,1,0,0,0,0,1,0,1
219,262.51,1.267385,73.262,1.0000,440.02,6,2,0.933,1.511,17.372,-2.9795,1,0,1,0,0,0,0,1,0
220,263.68,1.339742,66.026,1.0000,535.71,8,2,1.244,19.692,-25.184,-7.9655,1,0,1,0,0,1,1,0,0
221,264.87,1.347728,65.227,1.0000,389.48,8,2,1.244,16.018,-28.751,-4.464,0,0,1,1,0,0,1,0,1
222,266.06,1.333769,66.623,1.0000,485.22,6,2,0.933,-25.138,-29.262,3.4598,1,0,1,0,0,0,0,1,0
223,267.26,1.297756,70.224,1.0000,1217.18,12,3,1.867,3.1361,10.761,-12.423,0,1,1,1,1,0,1,0,1
224,268.43,1.782641,30.782,0.9095,260.76,10,3,1.556,-3.2979,24.777,11.308,0,1,1,0,1,0,1,1,0
225,269.62,1.837250,23.814,0.9246,393.12,8,2,1.244,29.535,-13.095,-16.897,1,0,0,0,1,0,1,0,1
226,270.82,1.500865,49.914,1.0000,675.61,12,3,1.867,-14.709,-12.598,-2.537,1,0,1,1,0,1,1,0,1
227,272.01,1.296487,70.351,1.0000,650.60,10,3,1.556,4.5599,-19.965,1.4126,1,1,1,0,0,0,1,0,1
228,273.21,1.275683,72.432,1.0000,647.47,10,3,1.556,-2.5463,-18.66,-8.4997,1,0,0,0,1,1,1,0,1
229,274.38,1.418910,58.109,1.0000,280.34,8,2,1.244,-2.7126,-5.891,11.588,0,1,0,0,0,1,1,0,1
230,275.47,1.355605,64.440,1.0000,1965.57,18,5,2.800,-6.9627,1.3518,-17.263,1,1,1,1,1,1,1,1,1
231,276.54,1.263583,73.642,1.0000,1215.07,18,5,2.800,5.6955,25.558,-0.70549,1,1,1,1,1,1,1,1,1
232,277.63,1.959989,15.642,0.8836,488.47,10,3,1.556,-28.296,-2.7326,-2.7489,0,0,1,0,1,1,1,0,1
233,278.67,1.537793,46.221,1.0000,561.93,8,2,1.244,10.301,27.626,10.623,1,0,0,1,0,0,1,0,1
234,279.74,1.442790,55.721,1.0000,463.54,10,3,1.556,1.5285,11.912,5.2955,1,0,1,1,0,0,1,0,1
235,280.79,2.783608,7.158,0.1448,92.07,6,2,0.933,-7.4063,-12.876,14.079,0,0,0,1,0,0,1,0,1
236,281.86,2.649628,17.926,0.1711,171.41,6,2,0.933,26.972,-18.754,-15.712,1,0,0,1,0,0,1,0,0
237,282.94,1.269379,73.062,1.0000,440.15,6,2,0.933,1.511,17.372,-2.9795,1,0,1,0,0,0,0,1,0
238,284.04,1.298073,70.193,1.0000,818.56,8,2,1.244,-3.5362,29.571,1.8334,1,1,0,1,0,0,1,0,0
239,285.08,1.284972,71.503,1.0000,696.79,10,3,1.556,-6.3827,19.799,-13.853,1,0,1,0,0,0,1,1,1
240,286.14,1.754689,28.108,0.9642,368.02,12,3,1.867,19.135,9.8834,15.29,1,0,1,1,0,1,1,0,1
241,287.18,1.489521,51.048,1.0000,357.03,6,2,0.933,4.5655,-27.948,-3.9223,0,0,1,1,0,0,1,0,0
242,288.26,1.430529,56.947,1.0000,1369.63,16,4,2.489,26.413,10.258,-4.9925,1,1,1,0,1,1,1,1,1
243,289.32,1.345892,65.411,1.0000,786.58,12,3,1.867,-18.664,0.40275,-5.3435,1,0,1,1,1,0,1,0,1
244,290.37,1.625382,39.005,0.9846,302.33,6,2,0.933,22.178,-9.6596,-4.956,1,0,0,0,0,1,0,0,1
245,291.43,1.589305,41.069,1.0000,743.17,12,3,1.867,-25.689,-0.70012,-7.1521,1,0,1,0,1,1,1,0,1
246,292.48,1.377544,62.246,1.0000,548.39,10,3,1.556,5.1498,24.385,14.4,1,1,0,1,0,1,0,0,1
247,293.56,1.539267,46.354,0.9972,288.40,4,1,0.622,-2.2683,14.232,3.1706,1,0,0,0,0,0,0,1,0
248,294.62,1.761408,23.859,1.0000,749.33,12,3,1.867,21.493,-16.367,-29.056,1,0,0,1,1,0,1,1,1
249,295.68,2.055688,20.062,0.7437,216.94,4,1,0.622,25.462,11.225,-15.23,0,0,0,0,0,0,1,0,1
250,296.74,1.273341,72.666,1.0000,1269.48,14,4,2.178,-6.3577,-6.4111,-9.478,1,1,1,1,0,1,1,1,0
251,297.77,2.008237,22.563,0.7661,212.86,8,2,1.244,-18.859,20.739,-3.5529,0,0,1,0,1,0,1,0,1
252,298.88,1.681271,31.873,1.0000,1296.45,10,3,1.556,27.286,25.128,-8.6715,1,0,0,1,1,0,1,0,1
253,299.95,1.646900,35.310,1.0000,629.86,12,3,1.867,29.267,-7.6531,-10.602,1,1,0,1,0,0,1,1,1
254,300.99,1.756830,26.982,0.9734,443.53,10,3,1.556,-3.9374,-7.7032,-2.1397,1,0,0,1,1,0,1,0,1
255,302.02,1.294284,70.572,1.0000,785.33,10,3,1.556,3.2735,3.2268,2.7842,1,1,1,1,0,1,0,0,0
256,303.03,1.281856,71.814,1.0000,884.69,12,3,1.867,4.3951,20.313,-7.9655,1,0,1,1,0,1,1,0,1
257,304.08,1.307356,69.264,1.0000,799.84,10,3,1.556,21.045,-26.957,-16.069,1,0,1,0,0,1,1,0,1
258,305.18,1.426595,57.341,1.0000,426.10,4,1,0.622,21.507,28.354,5.5558,1,0,0,0,0,0,0,1,0
259,306.26,1.500472,50.093,0.9986,390.36,12,3,1.867,18.081,-7.7043,1.11,0,0,1,1,1,0,1,1,1
260,307.31,1.530962,46.904,1.0000,429.81,8,2,1.244,5.3935,19.526,-6.3876,0,0,1,1,0,0,1,0,1
261,308.38,1.299652,70.035,1.0000,1003.64,10,3,1.556,-8.656,-17.074,-1.7949,1,1,1,0,1,0,0,0,1
262,309.43,1.674722,39.085,0.9344,266.30,10,3,1.556,-20.23,-18.5,8.0983,1,0,0,1,0,1,1,0,1
263,310.48,1.447664,55.234,1.0000,412.10,14,4,2.178,6.6837,-14.06,7.5497,1,1,0,1,0,1,1,1,1
264,311.54,2.208406,14.749,0.6441,263.76,6,2,0.933,-3.0222,7.3298,-10.54,0,0,0,0,0,1,0,1,1
265,312.61,1.327044,67.296,1.0000,1091.62,10,3,1.556,-9.5427,-23.007,-8.5409,1,1,1,0,0,0,0,1,1
266,313.68,1.546352,45.365,1.0000,634.53,8,2,1.244,-12.503,-12.113,-7.1136,0,0,1,1,1,0,1,0,0
267,314.77,1.392315,60.768,1.0000,687.90,18,5,2.800,5.6955,-27.57,6.1317,1,1,1,1,1,1,1,1,1
268,315.84,1.490999,50.900,1.0000,661.55,12,3,1.867,-12.542,-0.11827,-2.6167,1,0,1,0,1,1,1,0,1
269,316.92,1.392214,62.181,0.9860,175.20,10,3,1.556,-4.7003,23.603,20.28,1,0,1,0,0,1,0,1,1
270,317.99,1.564838,43.516,1.0000,402.54,4,1,0.622,15.982,-10.077,-12.343,0,0,1,0,0,0,0,1,0
271,319.03,1.427594,57.907,0.9933,194.74,6,2,0.933,-28.35,17.558,9.9172,1,0,0,0,1,0,0,0,1
272,320.11,1.572523,43.659,0.9909,313.10,8,2,1.244,-10.256,20.633,-3.3143,0,0,1,1,0,0,1,1,0
273,321.19,1.572713,42.729,1.0000,675.33,10,3,1.556,-14.253,-3.1788,-4.8399,0,1,1,0,0,0,1,1,1
274,322.26,1.317843,68.216,1.0000,386.46,12,3,1.867,-3.5362,11.234,15.558,1,1,1,0,0,0,1,1,1
275,323.33,1.412138,58.786,1.0000,390.72,6,2,0.933,-5.5573,19.799,-4.882,1,0,1,0,0,0,0,0,1
276,324.39,1.466643,53.336,1.0000,504.35,8,2,1.244,13.481,-22.172,4.1013,1,1,1,0,0,0,0,0,1
277,325.47,1.426161,57.384,1.0000,639.88,8,2,1.244,15.526,10.451,-10.746,1,0,1,0,0,0,0,1,1
278,326.54,1.429787,57.021,1.0000,802.40,10,3,1.556,-12.667,-6.5989,-16.353,1,0,1,0,0,0,1,1,1
279,327.61,1.320199,67.980,1.0000,367.24,8,2,1.244,-8.0829,18.86,4.9179,1,0,1,0,1,0,0,0,1
280,328.67,2.696575,5.132,0.2521,108.99,4,1,0.622,-20.693,-14.172,22.166,1,0,0,1,0,0,0,0,0
281,329.76,1.315380,68.462,1.0000,951.99,14,4,2.178,9.583,-0.70012,-1.1473,1,1,1,0,1,0,1,1,1
282,330.80,2.638799,2.565,0.3356,104.94,8,2,1.244,5.1498,24.385,14.4,0,0,1,0,0,0,1,1,1
283,331.89,1.419025,58.098,1.0000,943.85,10,3,1.556,1.1347,-5.8438,-6.5964,0,1,1,0,1,0,1,1,0
284,332.96,1.461484,53.852,1.0000,390.35,10,3,1.556,-3.9546,-27.933,9.2534,1,0,1,0,1,0,1,0,1
285,334.02,1.504123,49.588,1.0000,585.02,6,2,0.933,-1.6617,-0.11128,3.2691,0,1,1,0,1,0,0,0,0
286,335.08,1.500001,50.000,1.0000,845.98,10,3,1.556,9.0273,-1.4004,-9.478,1,0,1,1,1,0,1,0,0
287,336.14,1.318218,68.178,1.0000,583.05,8,2,1.244,-4.1589,20.739,-15.797,0,0,1,1,0,1,1,0,0
288,337.22,1.440139,55.986,1.0000,756.87,12,3,1.867,27.286,-18.973,-10.407,1,0,1,0,1,1,0,1,1
289,338.32,1.744184,32.349,0.9323,300.04,8,2,1.244,16.048,0.7169,1.3721,1,0,0,0,0,1,1,0,1
290,339.39,1.366676,63.332,1.0000,1099.89,10,3,1.556,-2.2275,0,-10.639,1,1,1,1,0,0,0,0,1
291,340.43,2.532211,12.487,0.3429,200.09,4,1,0.622,-6.2344,-21.21,0.7464,1,0,0,1,0,0,0,0,0
292,341.48,1.575920,42.478,0.9993,387.74,10,3,1.556,-1.8121,20.313,-5.3391,0,0,1,1,0,1,1,0,1
293,342.53,1.443801,55.620,1.0000,352.71,6,2,0.933,-5.5664,2.9179,0.67802,1,0,1,0,0,0,0,0,1
294,343.60,1.651755,34.825,1.0000,629.11,10,3,1.556,-25.138,8.0469,-0.60435,0,1,1,1,1,0,1,0,0
295,344.64,1.429869,57.013,1.0000,646.27,10,3,1.556,-16.313,-28.547,3.9418,1,1,0,1,0,1,0,0,1
296,345.73,1.274055,72.595,1.0000,498.74,10,3,1.556,-10.814,11.974,-6.3876,1,0,1,0,0,1,1,0,1
297,346.80,1.971521,21.046,0.8180,346.66,8,2,1.244,6.6199,-7.3297,3.9102,1,0,0,1,1,0,0,0,1
298,347.87,1.392353,60.765,1.0000,710.00,10,3,1.556,16.313,28.547,-3.9418,1,0,1,0,0,0,1,1,1
299,348.93,1.294241,70.576,1.0000,815.56,14,4,2.178,15.19,-19.965,-7.4963,1,0,1,0,1,1,1,1,1
300,350.01,1.521865,47.814,1.0000,709.81,8,2,1.244,6.8834,-4.3988,-6.5718,1,1,0,1,0,0,0,0,1
301,351.09,1.378619,62.138,1.0000,479.05,6,2,0.933,-9.5427,-28.071,-8.5409,1,0,1,0,0,0,1,0,0
302,352.15,1.360494,63.951,1.0000,728.78,10,3,1.556,-9.0612,-6.8409,0.58905,1,1,1,0,0,0,1,0,1
303,353.22,1.523778,47.622,1.0000,427.17,8,2,1.244,5.6955,-5.105,-0.70549,1,0,1,1,0,0,1,0,0
304,354.30,1.309092,69.091,1.0000,908.02,12,3,1.867,11.358,-0.97101,-5.3531,1,1,1,0,0,0,1,1,1
305,355.36,1.443327,55.667,1.0000,486.29,6,2,0.933,-24.959,-10.776,-6.1814,1,0,1,0,0,0,1,0,0
306,356.42,1.290896,70.910,1.0000,693.92,10,3,1.556,1.5285,-3.4959,-5.0996,1,0,1,0,1,0,0,1,1
307,357.46,2.168682,23.244,0.5989,164.66,2,1,0.311,-4.1338,-3.3844,14.079,1,0,0,0,0,0,0,0,0
308,358.53,1.386332,61.367,1.0000,415.79,8,2,1.244,-18.133,3.3844,-3.3143,1,0,1,0,0,0,1,0,1
309,359.58,1.354457,64.554,1.0000,863.62,10,3,1.556,-9.4986,13.29,-6.3932,1,1,1,0,0,0,1,1,0
310,360.64,1.330788,66.921,1.0000,534.68,8,2,1.244,-3.5362,22.533,-0.71303,1,0,0,0,1,0,1,0,1
311,361.72,1.455407,54.459,1.0000,489.42,10,3,1.556,11.795,-4.2316,-3.1803,1,0,1,1,0,0,1,0,1
312,362.77,1.368495,63.150,1.0000,303.99,10,3,1.556,1.0825,-6.8261,5.876,1,0,1,0,0,0,1,1,1
313,363.82,1.328564,67.144,1.0000,531.50,8,2,1.244,-3.2085,5.0769,-8.3634,1,0,1,0,0,0,0,1,1
314,364.89,1.392564,60.744,1.0000,442.43,10,3,1.556,4.5337,-14.959,4.1096,1,0,1,0,0,1,0,1,1
315,365.97,1.292793,70.721,1.0000,567.91,8,2,1.244,-3.9269,-28.898,-4.0389,1,0,1,0,1,0,1,0,0
316,367.05,1.304025,69.598,1.0000,469.43,8,2,1.244,2.8747,-3.4966,-1.6694,1,0,1,1,0,0,0,0,1
317,368.13,1.392383,60.762,1.0000,1059.38,10,3,1.556,-13.955,2.7284,-14.464,1,1,1,0,0,0,1,0,1
318,369.17,1.531448,46.855,1.0000,346.76,10,3,1.556,-18.079,7.2522,6.9939,1,0,1,0,1,0,1,0,1
319,370.25,1.317883,68.212,1.0000,640.52,10,3,1.556,-7.319,-3.5284,1.9731,1,1,0,1,0,1,0,0,1
320,371.35,1.398202,60.180,1.0000,553.75,8,2,1.244,12.842,-7.3065,-11.788,1,0,1,0,0,0,1,1,0
321,372.46,1.488838,51.116,1.0000,391.06,6,2,0.933,-1.6617,6.4857,-9.837,0,0,0,0,1,0,1,1,0
322,373.55,1.290419,70.958,1.0000,881.61,12,3,1.867,-6.3577,-17.329,0.73094,1,1,1,1,0,1,1,0,0
323,374.61,1.493681,50.632,1.0000,898.14,8,2,1.244,14.06,20.739,-15.797,1,0,1,0,0,0,1,1,0
324,375.67,1.430354,56.965,1.0000,385.15,10,3,1.556,-18.724,2.4178,4.6082,1,0,1,1,0,0,1,0,1
325,376.75,1.334584,66.542,1.0000,648.23,8,2,1.244,1.6798,10.943,-14.04,1,0,1,0,0,0,1,0,1
